apartment_id,apartment_name,cohort_role,cost_category,cost_category_name_ko,household_count,management_area_m2,source_month_count,observed_month_count,reliable_month_count,partial_month_count,coverage_pct,average_quality_weight,annualized_total_cost_krw,annualized_cost_per_household_krw,annualized_cost_per_management_m2_krw,annual_quality_status
A15784601,마곡현대아파트,TARGET,labor,인건비,202.0,20234.98,12,11,11,0,91.67,0.9167,79120505.45454545,391685.6705670567,3910.085676118556,USABLE_WITH_GAPS
A15784601,마곡현대아파트,TARGET,cleaning,청소비,202.0,20234.98,12,11,11,0,91.67,0.9167,35054574.54545455,173537.49774977495,1732.3750527776428,USABLE_WITH_GAPS
A15784601,마곡현대아파트,TARGET,guard,경비비,202.0,20234.98,12,11,11,0,91.67,0.9167,113304960.0,560915.6435643564,5599.4599451049635,USABLE_WITH_GAPS
A15784601,마곡현대아파트,TARGET,elevator,승강기유지비,202.0,20234.98,12,11,11,0,91.67,0.9167,2520000.0,12475.247524752474,124.5368169377978,USABLE_WITH_GAPS
A15784601,마곡현대아파트,TARGET,repairs,수선비,202.0,20234.98,12,11,11,0,91.67,0.9167,8760861.818181818,43370.60306030603,432.9562874874015,USABLE_WITH_GAPS
A15784601,마곡현대아파트,TARGET,facility,시설유지비,202.0,20234.98,12,11,11,0,91.67,0.9167,12619647.272727273,62473.501350135004,623.6550405647682,USABLE_WITH_GAPS
A15785703,마곡한숲대림아파트,PEER,labor,인건비,206.0,19519.58,12,10,10,0,83.33,0.8333,120981498.0,587288.8252427184,6197.956001102481,USABLE_WITH_GAPS
A15785703,마곡한숲대림아파트,PEER,cleaning,청소비,206.0,19519.58,12,10,10,0,83.33,0.8333,41303892.0,200504.33009708737,2116.0236029668667,USABLE_WITH_GAPS
A15785703,마곡한숲대림아파트,PEER,guard,경비비,206.0,19519.58,12,10,10,0,83.33,0.8333,68663784.0,333319.33980582526,3517.6875731957343,USABLE_WITH_GAPS
A15785703,마곡한숲대림아파트,PEER,elevator,승강기유지비,206.0,19519.58,12,10,10,0,83.33,0.8333,6193440.0,30065.242718446607,317.2937122622516,USABLE_WITH_GAPS
A15785703,마곡한숲대림아파트,PEER,repairs,수선비,206.0,19519.58,12,10,10,0,83.33,0.8333,9484860.0,46043.00970873787,485.9151682566941,USABLE_WITH_GAPS
A15785703,마곡한숲대림아파트,PEER,facility,시설유지비,206.0,19519.58,12,10,10,0,83.33,0.8333,14518596.0,70478.6213592233,743.7965366058079,USABLE_WITH_GAPS
A15784003,등촌코오롱오투빌1차,PEER,labor,인건비,191.0,18605.4,12,12,12,0,100.0,1.0,90091660.0,471684.08376963343,4842.231825169037,COMPLETE
A15784003,등촌코오롱오투빌1차,PEER,cleaning,청소비,191.0,18605.4,12,12,12,0,100.0,1.0,41527200.0,217419.89528795815,2231.997162114225,COMPLETE
A15784003,등촌코오롱오투빌1차,PEER,guard,경비비,191.0,18605.4,12,12,12,0,100.0,1.0,72428530.0,379206.9633507853,3892.8767992088315,COMPLETE
A15784003,등촌코오롱오투빌1차,PEER,elevator,승강기유지비,191.0,18605.4,12,12,12,0,100.0,1.0,3520000.0,18429.31937172775,189.19238500650349,COMPLETE
A15784003,등촌코오롱오투빌1차,PEER,repairs,수선비,191.0,18605.4,12,12,12,0,100.0,1.0,15602490.0,81688.42931937173,838.600083846625,COMPLETE
A15784003,등촌코오롱오투빌1차,PEER,facility,시설유지비,191.0,18605.4,12,12,12,0,100.0,1.0,5469600.0,28636.649214659687,293.9791673385146,COMPLETE
A15704009,염창벽산늘푸른,PEER,labor,인건비,206.0,18959.2,12,11,11,0,91.67,0.9167,162691123.63636363,789762.7360988527,8581.117538522913,USABLE_WITH_GAPS
A15704009,염창벽산늘푸른,PEER,cleaning,청소비,206.0,18959.2,12,11,11,0,91.67,0.9167,32918280.0,159797.47572815532,1736.2694628465338,USABLE_WITH_GAPS
A15704009,염창벽산늘푸른,PEER,guard,경비비,206.0,18959.2,12,11,11,0,91.67,0.9167,66123850.90909091,320989.56751985877,3487.6920391731137,USABLE_WITH_GAPS
A15704009,염창벽산늘푸른,PEER,elevator,승강기유지비,206.0,18959.2,12,11,11,0,91.67,0.9167,4620000.0,22427.18446601942,243.6811679817714,USABLE_WITH_GAPS
A15704009,염창벽산늘푸른,PEER,repairs,수선비,206.0,18959.2,12,11,11,0,91.67,0.9167,5300400.0,25730.097087378646,279.5687581754504,USABLE_WITH_GAPS
A15704009,염창벽산늘푸른,PEER,facility,시설유지비,206.0,18959.2,12,11,11,0,91.67,0.9167,7358040.0,35718.64077669902,388.09865395164354,USABLE_WITH_GAPS
A15722104,마곡청구아파트,PEER,labor,인건비,209.0,18742.06,12,11,11,0,91.67,0.9167,99414000.0,475665.07177033497,5304.326205337085,USABLE_WITH_GAPS
A15722104,마곡청구아파트,PEER,cleaning,청소비,209.0,18742.06,12,11,11,0,91.67,0.9167,41087297.45454545,196589.9399739017,2192.250876080081,USABLE_WITH_GAPS
A15722104,마곡청구아파트,PEER,guard,경비비,209.0,18742.06,12,11,11,0,91.67,0.9167,95510509.0909091,456988.0817746847,5096.051826261846,USABLE_WITH_GAPS
A15722104,마곡청구아파트,PEER,elevator,승강기유지비,209.0,18742.06,12,11,11,0,91.67,0.9167,4704000.0,22507.177033492826,250.98628432520223,USABLE_WITH_GAPS
A15722104,마곡청구아파트,PEER,repairs,수선비,209.0,18742.06,12,11,11,0,91.67,0.9167,26020472.727272727,124499.86950848196,1388.3464639037934,USABLE_WITH_GAPS
A15722104,마곡청구아파트,PEER,facility,시설유지비,209.0,18742.06,12,11,11,0,91.67,0.9167,7908000.0,37837.32057416268,421.93867696507203,USABLE_WITH_GAPS
A15786510,염창한강동아(2차),PEER,labor,인건비,212.0,22915.61,12,10,10,0,83.33,0.8333,118776012.0,560264.2075471698,5183.192243191432,USABLE_WITH_GAPS
A15786510,염창한강동아(2차),PEER,cleaning,청소비,212.0,22915.61,12,10,10,0,83.33,0.8333,42872304.0,202227.84905660377,1870.8777117432176,USABLE_WITH_GAPS
A15786510,염창한강동아(2차),PEER,guard,경비비,212.0,22915.61,12,10,10,0,83.33,0.8333,106682184.0,503217.8490566037,4655.437232524031,USABLE_WITH_GAPS
A15786510,염창한강동아(2차),PEER,elevator,승강기유지비,212.0,22915.61,12,10,10,0,83.33,0.8333,5412000.0,25528.30188679246,236.17088962501978,USABLE_WITH_GAPS
A15786510,염창한강동아(2차),PEER,repairs,수선비,212.0,22915.61,12,10,10,0,83.33,0.8333,32703774.0,154263.08490566036,1427.1395786540265,USABLE_WITH_GAPS
A15786510,염창한강동아(2차),PEER,facility,시설유지비,212.0,22915.61,12,10,10,0,83.33,0.8333,6072000.0,28641.509433962266,264.972217628071,USABLE_WITH_GAPS
A15722007,방화삼성꽃마을,PEER,labor,인건비,206.0,19094.18,12,11,11,0,91.67,0.9167,95299257.81818181,462617.75639894087,4991.0107592042095,USABLE_WITH_GAPS
A15722007,방화삼성꽃마을,PEER,cleaning,청소비,206.0,19094.18,12,11,11,0,91.67,0.9167,46362349.09090909,225059.94704324804,2428.0879875914593,USABLE_WITH_GAPS
A15722007,방화삼성꽃마을,PEER,guard,경비비,206.0,19094.18,12,11,11,0,91.67,0.9167,136110174.54545453,660729.0026478376,7128.359245877778,USABLE_WITH_GAPS
A15722007,방화삼성꽃마을,PEER,elevator,승강기유지비,206.0,19094.18,12,11,11,0,91.67,0.9167,840000.0,4077.6699029126216,43.992462624736966,USABLE_WITH_GAPS
A15722007,방화삼성꽃마을,PEER,repairs,수선비,206.0,19094.18,12,11,11,0,91.67,0.9167,26571067.636363633,128985.76522506619,1391.579404633435,USABLE_WITH_GAPS
A15722007,방화삼성꽃마을,PEER,facility,시설유지비,206.0,19094.18,12,11,11,0,91.67,0.9167,4620000.0,22427.18446601942,241.95854443605327,USABLE_WITH_GAPS
A15786408,삼정그린코아,PEER,labor,인건비,206.0,26305.574,12,12,12,0,100.0,1.0,126042952.0,611858.9902912622,4791.492175764726,COMPLETE
A15786408,삼정그린코아,PEER,cleaning,청소비,206.0,26305.574,12,12,12,0,100.0,1.0,26604852.0,129149.76699029125,1011.3769804072701,COMPLETE
A15786408,삼정그린코아,PEER,guard,경비비,206.0,26305.574,12,12,12,0,100.0,1.0,166624620.0,808857.3786407765,6334.194418262836,COMPLETE
A15786408,삼정그린코아,PEER,elevator,승강기유지비,206.0,26305.574,12,12,12,0,100.0,1.0,2345090.0,11383.932038834952,89.1480261939922,COMPLETE
A15786408,삼정그린코아,PEER,repairs,수선비,206.0,26305.574,12,12,12,0,100.0,1.0,27841910.0,135154.90291262136,1058.4034395143783,COMPLETE
A15786408,삼정그린코아,PEER,facility,시설유지비,206.0,26305.574,12,12,12,0,100.0,1.0,0.0,0.0,0.0,COMPLETE
A15783902,등촌태영,PEER,labor,인건비,186.0,19157.488,12,11,11,0,91.67,0.9167,129725803.63636364,697450.5571847508,6771.545603283877,USABLE_WITH_GAPS
A15783902,등촌태영,PEER,cleaning,청소비,186.0,19157.488,12,11,11,0,91.67,0.9167,36740727.27272727,197530.79178885632,1917.8259317049956,USABLE_WITH_GAPS
A15783902,등촌태영,PEER,guard,경비비,186.0,19157.488,12,11,11,0,91.67,0.9167,72197061.81818181,388156.24633431085,3768.607962493924,USABLE_WITH_GAPS
A15783902,등촌태영,PEER,elevator,승강기유지비,186.0,19157.488,12,11,11,0,91.67,0.9167,3696000.0,19870.967741935485,192.92717291536349,USABLE_WITH_GAPS
A15783902,등촌태영,PEER,repairs,수선비,186.0,19157.488,12,11,11,0,91.67,0.9167,0.0,0.0,0.0,USABLE_WITH_GAPS
A15783902,등촌태영,PEER,facility,시설유지비,186.0,19157.488,12,11,11,0,91.67,0.9167,25287960.0,135956.7741935484,1320.0039587653664,USABLE_WITH_GAPS
A15722102,개화산동부센트레빌,PEER,labor,인건비,205.0,20386.773,12,9,9,0,75.0,0.75,129373600.0,631090.7317073172,6345.957744268795,USABLE_WITH_GAPS
A15722102,개화산동부센트레빌,PEER,cleaning,청소비,205.0,20386.773,12,9,9,0,75.0,0.75,32358133.333333332,157844.55284552847,1587.2121268693836,USABLE_WITH_GAPS
A15722102,개화산동부센트레빌,PEER,guard,경비비,205.0,20386.773,12,9,9,0,75.0,0.75,97429893.33333334,475267.7723577236,4779.073830533814,USABLE_WITH_GAPS
A15722102,개화산동부센트레빌,PEER,elevator,승강기유지비,205.0,20386.773,12,9,9,0,75.0,0.75,6720000.0,32780.487804878045,329.6254880554171,USABLE_WITH_GAPS
A15722102,개화산동부센트레빌,PEER,repairs,수선비,205.0,20386.773,12,9,9,0,75.0,0.75,4830466.666666666,23563.252032520326,236.94121019872375,USABLE_WITH_GAPS
A15722102,개화산동부센트레빌,PEER,facility,시설유지비,205.0,20386.773,12,9,9,0,75.0,0.75,13127226.666666666,64035.25203252032,643.9090025020961,USABLE_WITH_GAPS
A15703005,등촌대동황토방2차아파트,PEER,labor,인건비,196.0,20602.975,12,11,11,0,91.67,0.9167,79119763.63636364,403672.2634508348,3840.210631540525,USABLE_WITH_GAPS
A15703005,등촌대동황토방2차아파트,PEER,cleaning,청소비,196.0,20602.975,12,11,11,0,91.67,0.9167,31451821.09090909,160468.4749536178,1526.5669686493864,USABLE_WITH_GAPS
A15703005,등촌대동황토방2차아파트,PEER,guard,경비비,196.0,20602.975,12,11,11,0,91.67,0.9167,137104525.0909091,699512.8831168831,6654.598430125217,USABLE_WITH_GAPS
A15703005,등촌대동황토방2차아파트,PEER,elevator,승강기유지비,196.0,20602.975,12,11,11,0,91.67,0.9167,6300000.0,32142.85714285714,305.78108258637405,USABLE_WITH_GAPS
A15703005,등촌대동황토방2차아파트,PEER,repairs,수선비,196.0,20602.975,12,11,11,0,91.67,0.9167,13612145.454545455,69449.72170686457,660.6883449863651,USABLE_WITH_GAPS
A15703005,등촌대동황토방2차아파트,PEER,facility,시설유지비,196.0,20602.975,12,11,11,0,91.67,0.9167,16891200.0,86179.59183673469,819.8427654258669,USABLE_WITH_GAPS
A15722001,마곡삼성,PEER,labor,인건비,170.0,15741.25,12,11,11,0,91.67,0.9167,44604250.90909091,262377.94652406423,2833.590147484533,USABLE_WITH_GAPS
A15722001,마곡삼성,PEER,cleaning,청소비,170.0,15741.25,12,11,11,0,91.67,0.9167,26419080.0,155406.35294117645,1678.3343127134121,USABLE_WITH_GAPS
A15722001,마곡삼성,PEER,guard,경비비,170.0,15741.25,12,11,11,0,91.67,0.9167,69664341.81818181,409790.24598930485,4425.591475783805,USABLE_WITH_GAPS
A15722001,마곡삼성,PEER,elevator,승강기유지비,170.0,15741.25,12,11,11,0,91.67,0.9167,5940000.0,34941.17647058824,377.3524974192011,USABLE_WITH_GAPS
A15722001,마곡삼성,PEER,repairs,수선비,170.0,15741.25,12,11,11,0,91.67,0.9167,10940007.272727273,64352.983957219265,694.989741775734,USABLE_WITH_GAPS
A15722001,마곡삼성,PEER,facility,시설유지비,170.0,15741.25,12,11,11,0,91.67,0.9167,16920692.727272727,99533.48663101604,1074.9268785689019,USABLE_WITH_GAPS
A15779704,길성그랑프리텔1차,PEER,labor,인건비,194.0,15380.83,12,10,10,0,83.33,0.8333,87354456.0,450280.70103092777,5679.437065489965,USABLE_WITH_GAPS
A15779704,길성그랑프리텔1차,PEER,cleaning,청소비,194.0,15380.83,12,10,10,0,83.33,0.8333,44060496.0,227115.95876288656,2864.637083954507,USABLE_WITH_GAPS
A15779704,길성그랑프리텔1차,PEER,guard,경비비,194.0,15380.83,12,10,10,0,83.33,0.8333,123891048.0,638613.6494845361,8054.900028151926,USABLE_WITH_GAPS
A15779704,길성그랑프리텔1차,PEER,elevator,승강기유지비,194.0,15380.83,12,10,10,0,83.33,0.8333,7128000.0,36742.26804123711,463.43402794257526,USABLE_WITH_GAPS
A15779704,길성그랑프리텔1차,PEER,repairs,수선비,194.0,15380.83,12,10,10,0,83.33,0.8333,15772800.0,81303.09278350516,1025.4843204170384,USABLE_WITH_GAPS
A15779704,길성그랑프리텔1차,PEER,facility,시설유지비,194.0,15380.83,12,10,10,0,83.33,0.8333,14969640.0,77163.09278350516,973.2660721170446,USABLE_WITH_GAPS
A15783701,등촌임광,PEER,labor,인건비,168.0,18481.43,12,12,12,0,100.0,1.0,80217680.0,477486.1904761905,4340.447681808172,COMPLETE
A15783701,등촌임광,PEER,cleaning,청소비,168.0,18481.43,12,12,12,0,100.0,1.0,37638530.0,224038.86904761905,2036.559400436005,COMPLETE
A15783701,등촌임광,PEER,guard,경비비,168.0,18481.43,12,12,12,0,100.0,1.0,99435160.0,591875.9523809524,5380.2741454530305,COMPLETE
A15783701,등촌임광,PEER,elevator,승강기유지비,168.0,18481.43,12,12,12,0,100.0,1.0,8026480.0,47776.66666666666,434.2997268068542,COMPLETE
A15783701,등촌임광,PEER,repairs,수선비,168.0,18481.43,12,12,12,0,100.0,1.0,24072400.0,143288.09523809527,1302.5182575157876,COMPLETE
A15783701,등촌임광,PEER,facility,시설유지비,168.0,18481.43,12,12,12,0,100.0,1.0,3564000.0,21214.28571428571,192.84222054245797,COMPLETE
A15783703,등촌대림e편한세상,PEER,labor,인건비,222.0,27561.48,12,11,11,0,91.67,0.9167,137792815.63636363,620688.3587223586,4999.470842507863,USABLE_WITH_GAPS
A15783703,등촌대림e편한세상,PEER,cleaning,청소비,222.0,27561.48,12,11,11,0,91.67,0.9167,45679522.90909091,205763.6167076167,1657.3682875190627,USABLE_WITH_GAPS
A15783703,등촌대림e편한세상,PEER,guard,경비비,222.0,27561.48,12,11,11,0,91.67,0.9167,140312715.27272728,632039.2579852579,5090.899156094929,USABLE_WITH_GAPS
A15783703,등촌대림e편한세상,PEER,elevator,승강기유지비,222.0,27561.48,12,11,11,0,91.67,0.9167,6468000.0,29135.13513513514,234.67535125109399,USABLE_WITH_GAPS
A15783703,등촌대림e편한세상,PEER,repairs,수선비,222.0,27561.48,12,11,11,0,91.67,0.9167,12522916.363636363,56409.53316953317,454.3629864447179,USABLE_WITH_GAPS
A15783703,등촌대림e편한세상,PEER,facility,시설유지비,222.0,27561.48,12,11,11,0,91.67,0.9167,15999960.0,72071.8918918919,580.5188981143248,USABLE_WITH_GAPS
A15701601,우장산롯데3차,PEER,labor,인건비,206.0,22445.56,12,11,11,0,91.67,0.9167,108922956.0,528752.213592233,4852.761793423732,USABLE_WITH_GAPS
A15701601,우장산롯데3차,PEER,cleaning,청소비,206.0,22445.56,12,11,11,0,91.67,0.9167,39553854.54545455,192009.0026478376,1762.2128628314256,USABLE_WITH_GAPS
A15701601,우장산롯데3차,PEER,guard,경비비,206.0,22445.56,12,11,11,0,91.67,0.9167,67664650.9090909,328469.17917034426,3014.611839004725,USABLE_WITH_GAPS
A15701601,우장산롯데3차,PEER,elevator,승강기유지비,206.0,22445.56,12,11,11,0,91.67,0.9167,9876000.0,47941.74757281554,439.9979327760145,USABLE_WITH_GAPS
A15701601,우장산롯데3차,PEER,repairs,수선비,206.0,22445.56,12,11,11,0,91.67,0.9167,11089560.0,53832.81553398058,494.0647504450768,USABLE_WITH_GAPS
A15701601,우장산롯데3차,PEER,facility,시설유지비,206.0,22445.56,12,11,11,0,91.67,0.9167,11478490.909090908,55720.82965578111,511.3924940652364,USABLE_WITH_GAPS
A15703002,등촌대동황토방,PEER,labor,인건비,241.0,20245.42,12,11,11,0,91.67,0.9167,120479923.63636364,499916.6955865711,5950.971806777219,USABLE_WITH_GAPS
A15703002,등촌대동황토방,PEER,cleaning,청소비,241.0,20245.42,12,11,11,0,91.67,0.9167,41132901.81818182,170675.94115428138,2031.713929282861,USABLE_WITH_GAPS
A15703002,등촌대동황토방,PEER,guard,경비비,241.0,20245.42,12,11,11,0,91.67,0.9167,139868640.0,580367.8008298756,6908.655883651711,USABLE_WITH_GAPS
A15703002,등촌대동황토방,PEER,elevator,승강기유지비,241.0,20245.42,12,11,11,0,91.67,0.9167,5197090.909090909,21564.692568841943,256.7045242376256,USABLE_WITH_GAPS
A15703002,등촌대동황토방,PEER,repairs,수선비,241.0,20245.42,12,11,11,0,91.67,0.9167,8926920.0,37041.161825726136,440.93528314058193,USABLE_WITH_GAPS
A15703002,등촌대동황토방,PEER,facility,시설유지비,241.0,20245.42,12,11,11,0,91.67,0.9167,11086440.0,46001.825726141076,547.6023713017562,USABLE_WITH_GAPS
A15784402,등촌태진아름,PEER,labor,인건비,221.0,22732.53,12,11,11,0,91.67,0.9167,120646232.72727272,545910.5553270259,5307.206576974614,USABLE_WITH_GAPS
A15784402,등촌태진아름,PEER,cleaning,청소비,221.0,22732.53,12,11,11,0,91.67,0.9167,40698043.63636363,184154.04360345536,1790.2997878530741,USABLE_WITH_GAPS
A15784402,등촌태진아름,PEER,guard,경비비,221.0,22732.53,12,11,11,0,91.67,0.9167,186163134.54545453,842367.1246400657,8189.283574923449,USABLE_WITH_GAPS
A15784402,등촌태진아름,PEER,elevator,승강기유지비,221.0,22732.53,12,11,11,0,91.67,0.9167,9504000.0,43004.52488687783,418.0792898986607,USABLE_WITH_GAPS
A15784402,등촌태진아름,PEER,repairs,수선비,221.0,22732.53,12,11,11,0,91.67,0.9167,6759065.454545455,30584.00658165364,297.3301016008977,USABLE_WITH_GAPS
A15784402,등촌태진아름,PEER,facility,시설유지비,221.0,22732.53,12,11,11,0,91.67,0.9167,9567338.181818182,43291.1229946524,420.86552538666757,USABLE_WITH_GAPS
A15722304,치현마을동일스위트리버아파트,PEER,labor,인건비,213.0,21414.871,12,11,11,0,91.67,0.9167,118569709.0909091,556665.3008962868,5536.793058006704,USABLE_WITH_GAPS
A15722304,치현마을동일스위트리버아파트,PEER,cleaning,청소비,213.0,21414.871,12,11,11,0,91.67,0.9167,45494880.0,213590.98591549293,2124.452675899846,USABLE_WITH_GAPS
A15722304,치현마을동일스위트리버아파트,PEER,guard,경비비,213.0,21414.871,12,11,11,0,91.67,0.9167,58709149.09090909,275629.80793854035,2741.5130864392827,USABLE_WITH_GAPS
A15722304,치현마을동일스위트리버아파트,PEER,elevator,승강기유지비,213.0,21414.871,12,11,11,0,91.67,0.9167,8553600.0,40157.74647887324,399.42337266472435,USABLE_WITH_GAPS
A15722304,치현마을동일스위트리버아파트,PEER,repairs,수선비,213.0,21414.871,12,11,11,0,91.67,0.9167,38696792.72727273,181675.08322663253,1807.0056423535184,USABLE_WITH_GAPS
A15722304,치현마을동일스위트리버아파트,PEER,facility,시설유지비,213.0,21414.871,12,11,11,0,91.67,0.9167,6076800.0,28529.577464788737,283.7654263712352,USABLE_WITH_GAPS
A15786312,염창극동상록수,PEER,labor,인건비,256.0,25452.22,12,11,11,0,91.67,0.9167,101552956.36363636,396691.23579545453,3989.944938541171,USABLE_WITH_GAPS
A15786312,염창극동상록수,PEER,cleaning,청소비,256.0,25452.22,12,11,11,0,91.67,0.9167,62223370.90909091,243060.04261363635,2444.712913415447,USABLE_WITH_GAPS
A15786312,염창극동상록수,PEER,guard,경비비,256.0,25452.22,12,11,11,0,91.67,0.9167,69881956.36363636,272976.39204545453,2745.6134028244437,USABLE_WITH_GAPS
A15786312,염창극동상록수,PEER,elevator,승강기유지비,256.0,25452.22,12,11,11,0,91.67,0.9167,9780305.454545455,38204.318181818184,384.2613907370537,USABLE_WITH_GAPS
A15786312,염창극동상록수,PEER,repairs,수선비,256.0,25452.22,12,11,11,0,91.67,0.9167,21505461.818181816,84005.71022727272,844.9346193841565,USABLE_WITH_GAPS
A15786312,염창극동상록수,PEER,facility,시설유지비,256.0,25452.22,12,11,11,0,91.67,0.9167,11623712.727272727,45405.12784090909,456.68757881523607,USABLE_WITH_GAPS
A15704006,염창우성3차,PEER,labor,인건비,196.0,22677.69,12,11,11,0,91.67,0.9167,93456714.54545455,476819.97217068647,4121.086166424117,USABLE_WITH_GAPS
A15704006,염창우성3차,PEER,cleaning,청소비,196.0,22677.69,12,11,11,0,91.67,0.9167,37537592.72727273,191518.33024118736,1655.2652729300355,USABLE_WITH_GAPS
A15704006,염창우성3차,PEER,guard,경비비,196.0,22677.69,12,11,11,0,91.67,0.9167,100136716.36363636,510901.6141001856,4415.6488762143035,USABLE_WITH_GAPS
A15704006,염창우성3차,PEER,elevator,승강기유지비,196.0,22677.69,12,11,11,0,91.67,0.9167,7310438.181818182,37298.153988868275,322.36255905333314,USABLE_WITH_GAPS
A15704006,염창우성3차,PEER,repairs,수선비,196.0,22677.69,12,11,11,0,91.67,0.9167,7470632.7272727275,38115.47309833025,329.4265300951167,USABLE_WITH_GAPS
A15704006,염창우성3차,PEER,facility,시설유지비,196.0,22677.69,12,11,11,0,91.67,0.9167,7128000.0,36367.34693877551,314.31772812839404,USABLE_WITH_GAPS
A15786111,염창극동,PEER,labor,인건비,249.0,25657.6,12,11,11,0,91.67,0.9167,142543021.0909091,572461.9320920045,5555.586691308194,USABLE_WITH_GAPS
A15786111,염창극동,PEER,cleaning,청소비,249.0,25657.6,12,11,11,0,91.67,0.9167,45232745.45454545,181657.61226725084,1762.9375099208596,USABLE_WITH_GAPS
A15786111,염창극동,PEER,guard,경비비,249.0,25657.6,12,11,11,0,91.67,0.9167,74269418.18181819,298270.7557502738,2894.6362162407313,USABLE_WITH_GAPS
A15786111,염창극동,PEER,elevator,승강기유지비,249.0,25657.6,12,11,11,0,91.67,0.9167,6864000.0,27566.265060240963,267.5230730855575,USABLE_WITH_GAPS
A15786111,염창극동,PEER,repairs,수선비,249.0,25657.6,12,11,11,0,91.67,0.9167,18268243.636363637,73366.44030668127,712.0012642010024,USABLE_WITH_GAPS
A15786111,염창극동,PEER,facility,시설유지비,249.0,25657.6,12,11,11,0,91.67,0.9167,16810058.181818184,67510.27382256299,655.1687679992743,USABLE_WITH_GAPS
A15701004,우장산한화꿈에그린,PEER,labor,인건비,187.0,23107.98,12,12,12,0,100.0,1.0,97659120.0,522241.28342245985,4226.207569852493,COMPLETE
A15701004,우장산한화꿈에그린,PEER,cleaning,청소비,187.0,23107.98,12,12,12,0,100.0,1.0,41538000.0,222128.3422459893,1797.5608426180047,COMPLETE
A15701004,우장산한화꿈에그린,PEER,guard,경비비,187.0,23107.98,12,12,12,0,100.0,1.0,70494000.0,376973.26203208556,3050.634456148914,COMPLETE
A15701004,우장산한화꿈에그린,PEER,elevator,승강기유지비,187.0,23107.98,12,12,12,0,100.0,1.0,9438000.0,50470.58823529411,408.4303344558891,COMPLETE
A15701004,우장산한화꿈에그린,PEER,repairs,수선비,187.0,23107.98,12,12,12,0,100.0,1.0,2729480.0,14596.14973262032,118.11850278561778,COMPLETE
A15701004,우장산한화꿈에그린,PEER,facility,시설유지비,187.0,23107.98,12,12,12,0,100.0,1.0,20628200.0,110311.22994652405,892.6872881143223,COMPLETE
A15770101,화곡2차보람,PEER,labor,인건비,187.0,19247.027,12,11,11,0,91.67,0.9167,91288647.27272727,488174.58434613526,4742.999907088367,USABLE_WITH_GAPS
A15770101,화곡2차보람,PEER,cleaning,청소비,187.0,19247.027,12,11,11,0,91.67,0.9167,42608618.18181818,227853.5731648031,2213.776609853469,USABLE_WITH_GAPS
A15770101,화곡2차보람,PEER,guard,경비비,187.0,19247.027,12,11,11,0,91.67,0.9167,58854970.90909091,314732.4647544969,3057.873348912064,USABLE_WITH_GAPS
A15770101,화곡2차보람,PEER,elevator,승강기유지비,187.0,19247.027,12,11,11,0,91.67,0.9167,10995600.0,58800.0,571.2882306446601,USABLE_WITH_GAPS
A15770101,화곡2차보람,PEER,repairs,수선비,187.0,19247.027,12,11,11,0,91.67,0.9167,3518479.6363636362,18815.399124939235,182.8063958326466,USABLE_WITH_GAPS
A15770101,화곡2차보람,PEER,facility,시설유지비,187.0,19247.027,12,11,11,0,91.67,0.9167,13788720.0,73736.4705882353,716.4077859920912,USABLE_WITH_GAPS
A15701002,우장산에스케이뷰,PEER,labor,인건비,203.0,22653.7,12,11,11,0,91.67,0.9167,136223989.0909091,671054.1334527542,6013.321845478182,USABLE_WITH_GAPS
A15701002,우장산에스케이뷰,PEER,cleaning,청소비,203.0,22653.7,12,11,11,0,91.67,0.9167,64427236.36363636,317375.54858934163,2844.0050130281743,USABLE_WITH_GAPS
A15701002,우장산에스케이뷰,PEER,guard,경비비,203.0,22653.7,12,11,11,0,91.67,0.9167,73857381.81818181,363829.4670846395,3260.2789750981874,USABLE_WITH_GAPS
A15701002,우장산에스케이뷰,PEER,elevator,승강기유지비,203.0,22653.7,12,11,11,0,91.67,0.9167,7840800.0,38624.63054187192,346.11564556783225,USABLE_WITH_GAPS
A15701002,우장산에스케이뷰,PEER,repairs,수선비,203.0,22653.7,12,11,11,0,91.67,0.9167,19968458.181818184,98366.78907299598,881.4656405716586,USABLE_WITH_GAPS
A15701002,우장산에스케이뷰,PEER,facility,시설유지비,203.0,22653.7,12,11,11,0,91.67,0.9167,19512403.636363637,96120.21495745635,861.3340706535193,USABLE_WITH_GAPS
A15783905,등촌삼성한사랑,PEER,labor,인건비,244.0,24104.66,12,9,9,0,75.0,0.75,85361413.33333333,349841.8579234972,3541.2826122970964,USABLE_WITH_GAPS
A15783905,등촌삼성한사랑,PEER,cleaning,청소비,244.0,24104.66,12,9,9,0,75.0,0.75,37622666.666666664,154191.25683060108,1560.8047019400674,USABLE_WITH_GAPS
A15783905,등촌삼성한사랑,PEER,guard,경비비,244.0,24104.66,12,9,9,0,75.0,0.75,108920000.0,446393.44262295077,4518.628348211508,USABLE_WITH_GAPS
A15783905,등촌삼성한사랑,PEER,elevator,승강기유지비,244.0,24104.66,12,9,9,0,75.0,0.75,6468000.0,26508.196721311473,268.32985820998925,USABLE_WITH_GAPS
A15783905,등촌삼성한사랑,PEER,repairs,수선비,244.0,24104.66,12,9,9,0,75.0,0.75,17702133.333333332,72549.7267759563,734.3863524037814,USABLE_WITH_GAPS
A15783905,등촌삼성한사랑,PEER,facility,시설유지비,244.0,24104.66,12,9,9,0,75.0,0.75,20856453.333333332,85477.26775956283,865.2456966135732,USABLE_WITH_GAPS
A10024391,태영방송인아파트,PEER,labor,인건비,148.0,16238.916,12,10,10,0,83.33,0.8333,42122628.0,284612.3513513513,2593.93102347472,USABLE_WITH_GAPS
A10024391,태영방송인아파트,PEER,cleaning,청소비,148.0,16238.916,12,10,10,0,83.33,0.8333,25698849.599999998,173640.8756756757,1582.547110903216,USABLE_WITH_GAPS
A10024391,태영방송인아파트,PEER,guard,경비비,148.0,16238.916,12,10,10,0,83.33,0.8333,54487452.0,368158.4594594594,3355.362636274491,USABLE_WITH_GAPS
A10024391,태영방송인아파트,PEER,elevator,승강기유지비,148.0,16238.916,12,10,10,0,83.33,0.8333,1374976.7999999998,9290.383783783785,84.67171084572396,USABLE_WITH_GAPS
A10024391,태영방송인아파트,PEER,repairs,수선비,148.0,16238.916,12,10,10,0,83.33,0.8333,21942072.0,148257.24324324325,1351.2029990179149,USABLE_WITH_GAPS
A10024391,태영방송인아파트,PEER,facility,시설유지비,148.0,16238.916,12,10,10,0,83.33,0.8333,0.0,0.0,0.0,USABLE_WITH_GAPS
A15791001,화곡유림노르웨이숲,PEER,labor,인건비,225.0,21272.72,12,10,10,0,83.33,0.8333,141897462.0,630655.3866666667,6670.395793297708,USABLE_WITH_GAPS
A15791001,화곡유림노르웨이숲,PEER,cleaning,청소비,225.0,21272.72,12,10,10,0,83.33,0.8333,31835628.0,141491.68,1496.5471270246585,USABLE_WITH_GAPS
A15791001,화곡유림노르웨이숲,PEER,guard,경비비,225.0,21272.72,12,10,10,0,83.33,0.8333,88020696.0,391203.09333333327,4137.726440248356,USABLE_WITH_GAPS
A15791001,화곡유림노르웨이숲,PEER,elevator,승강기유지비,225.0,21272.72,12,10,10,0,83.33,0.8333,4158000.0,18480.0,195.46160528601885,USABLE_WITH_GAPS
A15791001,화곡유림노르웨이숲,PEER,repairs,수선비,225.0,21272.72,12,10,10,0,83.33,0.8333,38486052.0,171049.12,1809.174003136411,USABLE_WITH_GAPS
A15791001,화곡유림노르웨이숲,PEER,facility,시설유지비,225.0,21272.72,12,10,10,0,83.33,0.8333,0.0,0.0,0.0,USABLE_WITH_GAPS
A15785002,방화3차우림필유,PEER,labor,인건비,187.0,18693.5,12,8,8,0,66.67,0.6667,,,,INSUFFICIENT_DATA
A15785002,방화3차우림필유,PEER,cleaning,청소비,187.0,18693.5,12,8,8,0,66.67,0.6667,,,,INSUFFICIENT_DATA
A15785002,방화3차우림필유,PEER,guard,경비비,187.0,18693.5,12,8,8,0,66.67,0.6667,,,,INSUFFICIENT_DATA
A15785002,방화3차우림필유,PEER,elevator,승강기유지비,187.0,18693.5,12,8,8,0,66.67,0.6667,,,,INSUFFICIENT_DATA
A15785002,방화3차우림필유,PEER,repairs,수선비,187.0,18693.5,12,8,8,0,66.67,0.6667,,,,INSUFFICIENT_DATA
A15785002,방화3차우림필유,PEER,facility,시설유지비,187.0,18693.5,12,8,8,0,66.67,0.6667,,,,INSUFFICIENT_DATA
A15786104,삼성하나로,PEER,labor,인건비,178.0,18404.36,12,11,11,0,91.67,0.9167,129731650.9090909,728829.4994892748,7048.962903849463,USABLE_WITH_GAPS
A15786104,삼성하나로,PEER,cleaning,청소비,178.0,18404.36,12,11,11,0,91.67,0.9167,41912945.45454545,235465.9856996936,2277.3378403022684,USABLE_WITH_GAPS
A15786104,삼성하나로,PEER,guard,경비비,178.0,18404.36,12,11,11,0,91.67,0.9167,72533378.18181819,407490.88866189995,3941.0975541566336,USABLE_WITH_GAPS
A15786104,삼성하나로,PEER,elevator,승강기유지비,178.0,18404.36,12,11,11,0,91.67,0.9167,4836000.0,27168.53932584269,262.76382335490064,USABLE_WITH_GAPS
A15786104,삼성하나로,PEER,repairs,수선비,178.0,18404.36,12,11,11,0,91.67,0.9167,13437338.181818184,75490.66394279877,730.1171125656193,USABLE_WITH_GAPS
A15786104,삼성하나로,PEER,facility,시설유지비,178.0,18404.36,12,11,11,0,91.67,0.9167,12499418.181818182,70221.4504596527,679.1552752618499,USABLE_WITH_GAPS
A15720101,가양일신건영휴먼빌,PEER,labor,인건비,177.0,17707.607,12,10,10,0,83.33,0.8333,83300094.0,470622.0,4704.198257844778,USABLE_WITH_GAPS
A15720101,가양일신건영휴먼빌,PEER,cleaning,청소비,177.0,17707.607,12,10,10,0,83.33,0.8333,44220004.8,249830.53559322032,2497.232110470941,USABLE_WITH_GAPS
A15720101,가양일신건영휴먼빌,PEER,guard,경비비,177.0,17707.607,12,10,10,0,83.33,0.8333,68695440.0,388109.8305084745,3879.4310264509495,USABLE_WITH_GAPS
A15720101,가양일신건영휴먼빌,PEER,elevator,승강기유지비,177.0,17707.607,12,10,10,0,83.33,0.8333,4752000.0,26847.457627118638,268.3592424430924,USABLE_WITH_GAPS
A15720101,가양일신건영휴먼빌,PEER,repairs,수선비,177.0,17707.607,12,10,10,0,83.33,0.8333,14457516.0,81680.88135593222,816.4579211634864,USABLE_WITH_GAPS
A15720101,가양일신건영휴먼빌,PEER,facility,시설유지비,177.0,17707.607,12,10,10,0,83.33,0.8333,8999376.0,50843.93220338982,508.22090189826326,USABLE_WITH_GAPS
A15721001,마곡금호어울림,PEER,labor,인건비,180.0,20397.54,12,11,11,0,91.67,0.9167,84085025.45454545,467139.0303030304,4122.31207560056,USABLE_WITH_GAPS
A15721001,마곡금호어울림,PEER,cleaning,청소비,180.0,20397.54,12,11,11,0,91.67,0.9167,38750290.90909091,215279.39393939392,1899.753152051223,USABLE_WITH_GAPS
A15721001,마곡금호어울림,PEER,guard,경비비,180.0,20397.54,12,11,11,0,91.67,0.9167,67126516.36363636,372925.0909090909,3290.9123533345855,USABLE_WITH_GAPS
A15721001,마곡금호어울림,PEER,elevator,승강기유지비,180.0,20397.54,12,11,11,0,91.67,0.9167,4752000.0,26400.0,232.969269823714,USABLE_WITH_GAPS
A15721001,마곡금호어울림,PEER,repairs,수선비,180.0,20397.54,12,11,11,0,91.67,0.9167,0.0,0.0,0.0,USABLE_WITH_GAPS
A15721001,마곡금호어울림,PEER,facility,시설유지비,180.0,20397.54,12,11,11,0,91.67,0.9167,18506727.272727273,102815.15151515152,907.3019233067946,USABLE_WITH_GAPS
A15786405,염창우성2차,PEER,labor,인건비,186.0,19141.152,12,12,12,0,100.0,1.0,84383460.0,453674.51612903224,4408.483878086336,COMPLETE
A15786405,염창우성2차,PEER,cleaning,청소비,186.0,19141.152,12,12,12,0,100.0,1.0,27833760.0,149643.87096774194,1454.131914317383,COMPLETE
A15786405,염창우성2차,PEER,guard,경비비,186.0,19141.152,12,12,12,0,100.0,1.0,67844280.0,364754.1935483871,3544.4198969842582,COMPLETE
A15786405,염창우성2차,PEER,elevator,승강기유지비,186.0,19141.152,12,12,12,0,100.0,1.0,2002990.0,10768.763440860215,104.64312701764243,COMPLETE
A15786405,염창우성2차,PEER,repairs,수선비,186.0,19141.152,12,12,12,0,100.0,1.0,22254790.0,119649.40860215054,1162.6672208652856,COMPLETE
A15786405,염창우성2차,PEER,facility,시설유지비,186.0,19141.152,12,12,12,0,100.0,1.0,2684170.0,14431.021505376346,140.23032678492916,COMPLETE
A15704003,염창월드메르디앙,PEER,labor,인건비,168.0,16449.582,12,11,11,0,91.67,0.9167,95663083.63636364,569423.1168831168,5815.532798119954,USABLE_WITH_GAPS
A15704003,염창월드메르디앙,PEER,cleaning,청소비,168.0,16449.582,12,11,11,0,91.67,0.9167,46676727.27272727,277837.66233766236,2837.5631230463655,USABLE_WITH_GAPS
A15704003,염창월드메르디앙,PEER,guard,경비비,168.0,16449.582,12,11,11,0,91.67,0.9167,74842996.36363636,445494.02597402595,4549.841835715727,USABLE_WITH_GAPS
A15704003,염창월드메르디앙,PEER,elevator,승강기유지비,168.0,16449.582,12,11,11,0,91.67,0.9167,5040000.0,30000.0,306.3907642151637,USABLE_WITH_GAPS
A15704003,염창월드메르디앙,PEER,repairs,수선비,168.0,16449.582,12,11,11,0,91.67,0.9167,36384065.45454545,216571.81818181818,2211.8534960064917,USABLE_WITH_GAPS
A15704003,염창월드메르디앙,PEER,facility,시설유지비,168.0,16449.582,12,11,11,0,91.67,0.9167,0.0,0.0,0.0,USABLE_WITH_GAPS
A15704002,염창 일신건영휴먼빌아파트,PEER,labor,인건비,166.0,17793.6,12,11,11,0,91.67,0.9167,95786312.72727273,577025.9802847756,5383.189052652232,USABLE_WITH_GAPS
A15704002,염창 일신건영휴먼빌아파트,PEER,cleaning,청소비,166.0,17793.6,12,11,11,0,91.67,0.9167,64445563.63636364,388226.286966046,3621.8395173749914,USABLE_WITH_GAPS
A15704002,염창 일신건영휴먼빌아파트,PEER,guard,경비비,166.0,17793.6,12,11,11,0,91.67,0.9167,74755798.9090909,450336.1380065718,4201.274554283052,USABLE_WITH_GAPS
A15704002,염창 일신건영휴먼빌아파트,PEER,elevator,승강기유지비,166.0,17793.6,12,11,11,0,91.67,0.9167,5544000.0,33397.590361445786,311.57270029673595,USABLE_WITH_GAPS
A15704002,염창 일신건영휴먼빌아파트,PEER,repairs,수선비,166.0,17793.6,12,11,11,0,91.67,0.9167,6135567.2727272725,36961.24863088718,344.81877038526613,USABLE_WITH_GAPS
A15704002,염창 일신건영휴먼빌아파트,PEER,facility,시설유지비,166.0,17793.6,12,11,11,0,91.67,0.9167,17084400.0,102918.07228915661,960.1429727542488,USABLE_WITH_GAPS
A15728010,우장산롯데2차,PEER,labor,인건비,157.0,16350.412,12,11,11,0,91.67,0.9167,86702181.81818181,552243.1962941518,5302.752115248339,USABLE_WITH_GAPS
A15728010,우장산롯데2차,PEER,cleaning,청소비,157.0,16350.412,12,11,11,0,91.67,0.9167,31014545.454545453,197544.87550665895,1896.8662963688898,USABLE_WITH_GAPS
A15728010,우장산롯데2차,PEER,guard,경비비,157.0,16350.412,12,11,11,0,91.67,0.9167,71045454.54545455,452518.81876085687,4345.178246606541,USABLE_WITH_GAPS
A15728010,우장산롯데2차,PEER,elevator,승강기유지비,157.0,16350.412,12,11,11,0,91.67,0.9167,3600000.0,22929.93630573248,220.17793802382477,USABLE_WITH_GAPS
A15728010,우장산롯데2차,PEER,repairs,수선비,157.0,16350.412,12,11,11,0,91.67,0.9167,8844000.0,56331.210191082806,540.9038010785295,USABLE_WITH_GAPS
A15728010,우장산롯데2차,PEER,facility,시설유지비,157.0,16350.412,12,11,11,0,91.67,0.9167,11504094.545454545,73274.4875506659,703.5966155136974,USABLE_WITH_GAPS
A15722201,마곡서광2차아파트,PEER,labor,인건비,154.0,18545.434,12,9,9,0,75.0,0.75,94316050.66666667,612441.8874458876,5085.675032822994,USABLE_WITH_GAPS
A15722201,마곡서광2차아파트,PEER,cleaning,청소비,154.0,18545.434,12,9,9,0,75.0,0.75,45291602.666666664,294101.316017316,2442.196967009058,USABLE_WITH_GAPS
A15722201,마곡서광2차아파트,PEER,guard,경비비,154.0,18545.434,12,9,9,0,75.0,0.75,66197336.0,429852.83116883127,3569.468150489226,USABLE_WITH_GAPS
A15722201,마곡서광2차아파트,PEER,elevator,승강기유지비,154.0,18545.434,12,9,9,0,75.0,0.75,8435093.333333334,54773.33333333333,454.83396793697756,USABLE_WITH_GAPS
A15722201,마곡서광2차아파트,PEER,repairs,수선비,154.0,18545.434,12,9,9,0,75.0,0.75,13405973.333333334,87051.7748917749,722.8719119397979,USABLE_WITH_GAPS
A15722201,마곡서광2차아파트,PEER,facility,시설유지비,154.0,18545.434,12,9,9,0,75.0,0.75,8652000.0,56181.818181818184,466.5299286066856,USABLE_WITH_GAPS
A10021139,등촌월드메르디앙,PEER,labor,인건비,145.0,1975190.0,12,11,11,0,91.67,0.9167,100895040.0,695827.8620689654,51.08118206349769,USABLE_WITH_GAPS
A10021139,등촌월드메르디앙,PEER,cleaning,청소비,145.0,1975190.0,12,11,11,0,91.67,0.9167,31826792.727272727,219495.12225705324,16.11328162215925,USABLE_WITH_GAPS
A10021139,등촌월드메르디앙,PEER,guard,경비비,145.0,1975190.0,12,11,11,0,91.67,0.9167,0.0,0.0,0.0,USABLE_WITH_GAPS
A10021139,등촌월드메르디앙,PEER,elevator,승강기유지비,145.0,1975190.0,12,11,11,0,91.67,0.9167,4200000.0,28965.51724137931,2.126377715561541,USABLE_WITH_GAPS
A10021139,등촌월드메르디앙,PEER,repairs,수선비,145.0,1975190.0,12,11,11,0,91.67,0.9167,4356000.0,30041.379310344826,2.205357459282398,USABLE_WITH_GAPS
A10021139,등촌월드메르디앙,PEER,facility,시설유지비,145.0,1975190.0,12,11,11,0,91.67,0.9167,22769203.636363637,157028.99059561128,11.527601717487249,USABLE_WITH_GAPS
A15704001,염창2차한화꿈에그린,PEER,labor,인건비,163.0,12477.45,12,12,12,0,100.0,1.0,81357170.0,499123.7423312884,6520.336286661135,COMPLETE
A15704001,염창2차한화꿈에그린,PEER,cleaning,청소비,163.0,12477.45,12,12,12,0,100.0,1.0,24301190.0,149087.05521472392,1947.6086860696698,COMPLETE
A15704001,염창2차한화꿈에그린,PEER,guard,경비비,163.0,12477.45,12,12,12,0,100.0,1.0,99008530.0,607414.2944785276,7934.997134831236,COMPLETE
A15704001,염창2차한화꿈에그린,PEER,elevator,승강기유지비,163.0,12477.45,12,12,12,0,100.0,1.0,9155520.0,56168.83435582822,733.7653126239734,COMPLETE
A15704001,염창2차한화꿈에그린,PEER,repairs,수선비,163.0,12477.45,12,12,12,0,100.0,1.0,25652483.0,157377.19631901837,2055.907497124813,COMPLETE
A15704001,염창2차한화꿈에그린,PEER,facility,시설유지비,163.0,12477.45,12,12,12,0,100.0,1.0,0.0,0.0,0.0,COMPLETE
A15773501,방화월드메르디앙,PEER,labor,인건비,258.0,26123.5,12,11,11,0,91.67,0.9167,180268298.1818182,698714.334038055,6900.61814771444,USABLE_WITH_GAPS
A15773501,방화월드메르디앙,PEER,cleaning,청소비,258.0,26123.5,12,11,11,0,91.67,0.9167,69519185.45454545,269454.2071881607,2661.174247499204,USABLE_WITH_GAPS
A15773501,방화월드메르디앙,PEER,guard,경비비,258.0,26123.5,12,11,11,0,91.67,0.9167,129531196.36363636,502058.9006342494,4958.416612002081,USABLE_WITH_GAPS
A15773501,방화월드메르디앙,PEER,elevator,승강기유지비,258.0,26123.5,12,11,11,0,91.67,0.9167,8738400.0,33869.767441860466,334.50341646410317,USABLE_WITH_GAPS
A15773501,방화월드메르디앙,PEER,repairs,수선비,258.0,26123.5,12,11,11,0,91.67,0.9167,21066405.818181816,81652.73572938688,806.4159020874622,USABLE_WITH_GAPS
A15773501,방화월드메르디앙,PEER,facility,시설유지비,258.0,26123.5,12,11,11,0,91.67,0.9167,21655920.0,83937.67441860464,828.9823339139091,USABLE_WITH_GAPS
A15782501,강서월드메르디앙,PEER,labor,인건비,160.0,17555.61,12,12,12,0,100.0,1.0,71228530.0,445178.3125,4057.3087463209768,COMPLETE
A15782501,강서월드메르디앙,PEER,cleaning,청소비,160.0,17555.61,12,12,12,0,100.0,1.0,42411800.0,265073.75,2415.854533109359,COMPLETE
A15782501,강서월드메르디앙,PEER,guard,경비비,160.0,17555.61,12,12,12,0,100.0,1.0,68054400.0,425340.0,3876.5044336254914,COMPLETE
A15782501,강서월드메르디앙,PEER,elevator,승강기유지비,160.0,17555.61,12,12,12,0,100.0,1.0,7068600.0,44178.75,402.64052345660446,COMPLETE
A15782501,강서월드메르디앙,PEER,repairs,수선비,160.0,17555.61,12,12,12,0,100.0,1.0,28924830.0,180780.1875,1647.6117890520466,COMPLETE
A15782501,강서월드메르디앙,PEER,facility,시설유지비,160.0,17555.61,12,12,12,0,100.0,1.0,0.0,0.0,0.0,COMPLETE
A15721004,마곡한솔솔파크,PEER,labor,인건비,258.0,26110.04,12,11,11,0,91.67,0.9167,141569236.36363637,548717.9704016913,5422.022959889619,USABLE_WITH_GAPS
A15721004,마곡한솔솔파크,PEER,cleaning,청소비,258.0,26110.04,12,11,11,0,91.67,0.9167,70528996.36363636,273368.2029598309,2701.2213065792453,USABLE_WITH_GAPS
A15721004,마곡한솔솔파크,PEER,guard,경비비,258.0,26110.04,12,11,11,0,91.67,0.9167,76923098.18181819,298151.54334038054,2946.111847466269,USABLE_WITH_GAPS
A15721004,마곡한솔솔파크,PEER,elevator,승강기유지비,258.0,26110.04,12,11,11,0,91.67,0.9167,10560000.0,40930.23255813954,404.4421226470737,USABLE_WITH_GAPS
A15721004,마곡한솔솔파크,PEER,repairs,수선비,258.0,26110.04,12,11,11,0,91.67,0.9167,38699956.36363637,149999.8308668076,1482.1867895888465,USABLE_WITH_GAPS
A15721004,마곡한솔솔파크,PEER,facility,시설유지비,258.0,26110.04,12,11,11,0,91.67,0.9167,0.0,0.0,0.0,USABLE_WITH_GAPS
A10021562,강서한강월드메르디앙아파트,PEER,labor,인건비,144.0,15233.04,12,11,11,0,91.67,0.9167,0.0,0.0,0.0,USABLE_WITH_GAPS
A10021562,강서한강월드메르디앙아파트,PEER,cleaning,청소비,144.0,15233.04,12,11,11,0,91.67,0.9167,46068501.81818182,319920.15151515155,3024.2487263331427,USABLE_WITH_GAPS
A10021562,강서한강월드메르디앙아파트,PEER,guard,경비비,144.0,15233.04,12,11,11,0,91.67,0.9167,62169512.727272734,431732.7272727273,4081.2282201893204,USABLE_WITH_GAPS
A10021562,강서한강월드메르디앙아파트,PEER,elevator,승강기유지비,144.0,15233.04,12,11,11,0,91.67,0.9167,3696000.0,25666.66666666667,242.63049266594192,USABLE_WITH_GAPS
A10021562,강서한강월드메르디앙아파트,PEER,repairs,수선비,144.0,15233.04,12,11,11,0,91.67,0.9167,0.0,0.0,0.0,USABLE_WITH_GAPS
A10021562,강서한강월드메르디앙아파트,PEER,facility,시설유지비,144.0,15233.04,12,11,11,0,91.67,0.9167,0.0,0.0,0.0,USABLE_WITH_GAPS
A15786213,염창무학,PEER,labor,인건비,273.0,28483.32,12,11,11,0,91.67,0.9167,133227392.72727272,488012.4275724276,4677.382858714249,USABLE_WITH_GAPS
A15786213,염창무학,PEER,cleaning,청소비,273.0,28483.32,12,11,11,0,91.67,0.9167,52348570.90909091,191753.006993007,1837.8675979166376,USABLE_WITH_GAPS
A15786213,염창무학,PEER,guard,경비비,273.0,28483.32,12,11,11,0,91.67,0.9167,65697970.90909091,240651.90809190815,2306.5418957161914,USABLE_WITH_GAPS
A15786213,염창무학,PEER,elevator,승강기유지비,273.0,28483.32,12,11,11,0,91.67,0.9167,5880000.0,21538.461538461535,206.43660921549878,USABLE_WITH_GAPS
A15786213,염창무학,PEER,repairs,수선비,273.0,28483.32,12,11,11,0,91.67,0.9167,13909123.636363637,50949.170829170835,488.32522460034994,USABLE_WITH_GAPS
A15786213,염창무학,PEER,facility,시설유지비,273.0,28483.32,12,11,11,0,91.67,0.9167,21272236.363636363,77920.27972027971,746.8313512482521,USABLE_WITH_GAPS
A15704007,염창1차보람더하임아파트,PEER,labor,인건비,202.0,19018.04,12,11,11,0,91.67,0.9167,127012051.63636364,628772.5328532852,6678.503759397059,USABLE_WITH_GAPS
A15704007,염창1차보람더하임아파트,PEER,cleaning,청소비,202.0,19018.04,12,11,11,0,91.67,0.9167,37760836.36363637,186934.83348334834,1985.5272343331048,USABLE_WITH_GAPS
A15704007,염창1차보람더하임아파트,PEER,guard,경비비,202.0,19018.04,12,11,11,0,91.67,0.9167,142680632.72727272,706339.7659765977,7502.383669782623,USABLE_WITH_GAPS
A15704007,염창1차보람더하임아파트,PEER,elevator,승강기유지비,202.0,19018.04,12,11,11,0,91.67,0.9167,5544000.0,27445.544554455446,291.5126900563885,USABLE_WITH_GAPS
A15704007,염창1차보람더하임아파트,PEER,repairs,수선비,202.0,19018.04,12,11,11,0,91.67,0.9167,11736916.363636363,58103.54635463546,617.1464758532616,USABLE_WITH_GAPS
A15704007,염창1차보람더하임아파트,PEER,facility,시설유지비,202.0,19018.04,12,11,11,0,91.67,0.9167,5940000.0,29405.9405940594,312.33502506041634,USABLE_WITH_GAPS
A15786314,염창태영송화,PEER,labor,인건비,277.0,28867.28,12,7,7,0,58.33,0.5833,,,,INSUFFICIENT_DATA
A15786314,염창태영송화,PEER,cleaning,청소비,277.0,28867.28,12,7,7,0,58.33,0.5833,,,,INSUFFICIENT_DATA
A15786314,염창태영송화,PEER,guard,경비비,277.0,28867.28,12,7,7,0,58.33,0.5833,,,,INSUFFICIENT_DATA
A15786314,염창태영송화,PEER,elevator,승강기유지비,277.0,28867.28,12,7,7,0,58.33,0.5833,,,,INSUFFICIENT_DATA
A15786314,염창태영송화,PEER,repairs,수선비,277.0,28867.28,12,7,7,0,58.33,0.5833,,,,INSUFFICIENT_DATA
A15786314,염창태영송화,PEER,facility,시설유지비,277.0,28867.28,12,7,7,0,58.33,0.5833,,,,INSUFFICIENT_DATA
A10022042,염창대림아파트,PEER,labor,인건비,122.0,11143.129,12,11,11,0,91.67,0.9167,45366975.27272727,371860.4530551416,4071.2958876027797,USABLE_WITH_GAPS
A10022042,염창대림아파트,PEER,cleaning,청소비,122.0,11143.129,12,11,11,0,91.67,0.9167,56560589.45454545,463611.38897168415,5075.826498512711,USABLE_WITH_GAPS
A10022042,염창대림아파트,PEER,guard,경비비,122.0,11143.129,12,11,11,0,91.67,0.9167,65639006.18181818,538024.6408345752,5890.5363279755775,USABLE_WITH_GAPS
A10022042,염창대림아파트,PEER,elevator,승강기유지비,122.0,11143.129,12,11,11,0,91.67,0.9167,4224000.0,34622.95081967213,379.0676747976263,USABLE_WITH_GAPS
A10022042,염창대림아파트,PEER,repairs,수선비,122.0,11143.129,12,11,11,0,91.67,0.9167,16049004.0,131549.2131147541,1440.2600921159578,USABLE_WITH_GAPS
A10022042,염창대림아파트,PEER,facility,시설유지비,122.0,11143.129,12,11,11,0,91.67,0.9167,5535741.818181818,45374.93293591654,496.7852223717251,USABLE_WITH_GAPS
A15786116,염창금호,PEER,labor,인건비,290.0,26419.824,12,12,12,0,100.0,1.0,133412676.0,460043.7103448276,5049.718574960984,COMPLETE
A15786116,염창금호,PEER,cleaning,청소비,290.0,26419.824,12,12,12,0,100.0,1.0,60292528.0,207905.2689655173,2282.0942334816464,COMPLETE
A15786116,염창금호,PEER,guard,경비비,290.0,26419.824,12,12,12,0,100.0,1.0,99273020.0,342320.7586206896,3757.520110656301,COMPLETE
A15786116,염창금호,PEER,elevator,승강기유지비,290.0,26419.824,12,12,12,0,100.0,1.0,8648800.0,29823.448275862065,327.36024282372205,COMPLETE
A15786116,염창금호,PEER,repairs,수선비,290.0,26419.824,12,12,12,0,100.0,1.0,30104320.0,103808.0,1139.4595210021082,COMPLETE
A15786116,염창금호,PEER,facility,시설유지비,290.0,26419.824,12,12,12,0,100.0,1.0,0.0,0.0,0.0,COMPLETE
A15722306,마곡서광,PEER,labor,인건비,284.0,24792.9,12,11,11,0,91.67,0.9167,176653832.72727272,622020.537772087,7125.178286012233,USABLE_WITH_GAPS
A15722306,마곡서광,PEER,cleaning,청소비,284.0,24792.9,12,11,11,0,91.67,0.9167,51052298.18181818,179761.6133162612,2059.1499252535273,USABLE_WITH_GAPS
A15722306,마곡서광,PEER,guard,경비비,284.0,24792.9,12,11,11,0,91.67,0.9167,60211516.36363636,212012.38156209985,2428.579003006359,USABLE_WITH_GAPS
A15722306,마곡서광,PEER,elevator,승강기유지비,284.0,24792.9,12,11,11,0,91.67,0.9167,7905600.0,27836.619718309863,318.8654816499885,USABLE_WITH_GAPS
A15722306,마곡서광,PEER,repairs,수선비,284.0,24792.9,12,11,11,0,91.67,0.9167,20333367.272727273,71596.36363636363,820.1286365341397,USABLE_WITH_GAPS
A15722306,마곡서광,PEER,facility,시설유지비,284.0,24792.9,12,11,11,0,91.67,0.9167,15962803.636363637,56207.05505761843,643.8457637615461,USABLE_WITH_GAPS
A15781201,강서센트레빌4차,PEER,labor,인건비,215.0,22127.36,12,11,11,0,91.67,0.9167,138283625.45454547,643179.6532769556,6249.440758162991,USABLE_WITH_GAPS
A15781201,강서센트레빌4차,PEER,cleaning,청소비,215.0,22127.36,12,11,11,0,91.67,0.9167,64744974.54545455,301139.4164904863,2926.014424922563,USABLE_WITH_GAPS
A15781201,강서센트레빌4차,PEER,guard,경비비,215.0,22127.36,12,11,11,0,91.67,0.9167,100396996.36363636,466962.77378435526,4537.233378208533,USABLE_WITH_GAPS
A15781201,강서센트레빌4차,PEER,elevator,승강기유지비,215.0,22127.36,12,11,11,0,91.67,0.9167,10824000.0,50344.18604651164,489.1681610458726,USABLE_WITH_GAPS
A15781201,강서센트레빌4차,PEER,repairs,수선비,215.0,22127.36,12,11,11,0,91.67,0.9167,17176538.181818184,79890.87526427061,776.2579079392292,USABLE_WITH_GAPS
A15781201,강서센트레빌4차,PEER,facility,시설유지비,215.0,22127.36,12,11,11,0,91.67,0.9167,11058927.272727273,51436.8710359408,499.78521037879227,USABLE_WITH_GAPS
